<?xml version="1.0" encoding="UTF-8"?>
<!--
  ~ Hibernate, Relational Persistence for Idiomatic Java
  ~
  ~ JBoss, Home of Professional Open Source
  ~ Copyright 2013-2014 Red Hat Inc. and/or its affiliates and other contributors
  ~ as indicated by the @authors tag. All rights reserved.
  ~ See the copyright.txt in the distribution for a
  ~ full listing of individual contributors.
  ~
  ~ This copyrighted material is made available to anyone wishing to use,
  ~ modify, copy, or redistribute it subject to the terms and conditions
  ~ of the GNU Lesser General Public License, v. 2.1.
  ~ This program is distributed in the hope that it will be useful, but WITHOUT A
  ~ WARRANTY; without even the implied warranty of MERCHANTABILITY or FITNESS FOR A
  ~ PARTICULAR PURPOSE.  See the GNU Lesser General Public License for more details.
  ~ You should have received a copy of the GNU Lesser General Public License,
  ~ v.2.1 along with this distribution; if not, write to the Free Software
  ~ Foundation, Inc., 51 Franklin Street, Fifth Floor, Boston,
  ~ MA  02110-1301, USA.
  -->
<module xmlns="urn:jboss:module:1.1" name="org.hibernate.ogm.mongodb" slot="main">
    <resources>
        <resource-root path="hibernate-ogm-mongodb-4.1.0-SNAPSHOT.jar" />
        <resource-root path="mongo-java-driver-2.10.1.jar" />
    </resources>
    <dependencies>
        <module name="org.hibernate" export="true" services="import" slot="ogm" />
        <module name="org.hibernate.commons-annotations"/>

        <module name="javax.api" />
        <module name="javax.persistence.api" />
        <module name="javax.transaction.api" />
        <module name="javax.validation.api" />
        <module name="org.jboss.logging" />
    </dependencies>
</module>
